system:index,AOT,B1,B11,B12,B2,B3,B4,B5,B6,B7,B8,B8A,B9,MSK_CLDPRB,MSK_SNWPRB,QA10,QA20,QA60,SCL,TCI_B,TCI_G,TCI_R,WVP,correct_photos,lc1,lc_lu_special_remark,photo_east_descr,photo_north_descr,photo_south_descr,photo_west_descr,point_id,survey_date,.geo
00000000000000000002_0,139.5,146.5,1594.0,850.0,274.0,544.0,306.5,894.0,3043.0,3888.5,4051.0,4080.5,4035.5,0.0,0.0,0.0,0.0,0.0,4.0,27.5,55.0,31.0,1634.0,0,B11,10,Oats,Gras Clover Mix,Gras Clover Mix,Oats,44683330,2018-05-03,"{""type"":""MultiPoint"",""coordinates"":[]}"
00000000000000000033_0,157.0,937.0,2312.0,1767.5,911.5,1081.0,987.0,1856.0,3505.0,4589.5,5007.5,4849.0,5138.0,8.0,0.0,0.0,0.0,1024.0,9.0,92.5,109.5,100.0,1538.5,0,B13,10,Wheat,Oats,Wheat,Oats,52163210,2018-05-03,"{""type"":""MultiPoint"",""coordinates"":[]}"
00000000000000000034_0,156.5,724.5,2001.5,1377.0,959.5,1259.0,1128.5,1680.0,3487.5,4326.5,4436.0,4492.5,4679.5,0.5,0.0,0.0,0.0,0.0,4.5,97.5,127.5,114.5,1359.5,0,B13,10,Oats,Oats,Gras Clover Mix,Oats,52223198,2018-05-03,"{""type"":""MultiPoint"",""coordinates"":[]}"
00000000000000000063_0,109.5,501.5,1880.5,1235.0,441.0,815.5,613.5,1357.5,2509.5,2784.5,3356.5,2964.0,2987.5,0.0,0.0,0.0,0.0,0.0,4.0,44.5,82.5,62.0,1593.0,0,B13,10,Gras Clover Mix,Oats,Gras Clover Mix,Oats,49383066,2018-05-03,"{""type"":""MultiPoint"",""coordinates"":[]}"
00000000000000000024_0,64.0,312.0,2028.0,1226.0,376.0,624.0,452.0,1027.0,2944.0,3797.0,4001.0,3947.0,3733.0,0.0,0.0,0.0,0.0,0.0,4.0,38.0,63.0,46.0,1299.0,0,B13,10,Gras Clover Mix,Gras Clover Mix,Gras Clover Mix,Oats,50023404,2018-05-03,"{""type"":""MultiPoint"",""coordinates"":[]}"
00000000000000000012_0,59.0,550.0,2044.0,1114.0,576.0,855.0,550.0,1123.0,3856.0,5206.0,5266.0,5176.0,4612.0,0.0,0.0,0.0,0.0,0.0,4.0,58.0,87.0,56.0,1526.0,0,B18,10,Gras Clover Mix,Oats,Wheat,Oats,48583228,2018-05-03,"{""type"":""MultiPoint"",""coordinates"":[]}"
00000000000000000004_0,148.5,257.5,1855.5,1072.5,347.5,686.5,538.0,1182.0,2698.0,3206.5,3412.5,3456.0,3406.5,0.0,0.0,0.0,0.0,0.0,4.0,35.0,69.5,54.5,1478.0,0,B18,10,Gras Clover Mix,Gras Clover Mix,Gras Clover Mix,Oats,44743334,2018-05-03,"{""type"":""MultiPoint"",""coordinates"":[]}"
00000000000000000022_0,115.0,334.0,1892.0,1288.0,489.0,712.0,608.0,1097.0,2770.0,3187.0,3443.0,3338.0,3141.0,0.0,0.0,0.0,0.0,0.0,4.0,49.0,72.0,62.0,1657.0,0,B32,10,Maize,Field Bean,Gras Clover Mix,Oats,49942876,2018-05-03,"{""type"":""MultiPoint"",""coordinates"":[]}"
00000000000000000037_0,65.0,593.0,2813.0,2503.0,689.0,978.0,1267.0,1522.0,1754.0,1840.0,1845.0,2026.0,2320.0,0.0,0.0,0.0,0.0,0.0,5.0,70.0,99.0,129.0,797.0,0,B15,10,Potatoes,Potatoes,Peas,Peas,53543796,2018-05-03,"{""type"":""MultiPoint"",""coordinates"":[]}"
0000000000000000001e_0,109.0,280.0,2102.0,1267.0,560.0,1205.0,1047.0,1619.0,3964.0,4679.0,4967.0,4858.0,5053.0,4.0,0.0,0.0,0.0,0.0,4.0,57.0,122.0,106.0,1687.0,0,B32,10,Peas,Peas,Triticale,Peas,49363070,2018-05-03,"{""type"":""MultiPoint"",""coordinates"":[]}"
00000000000000000070_0,104.0,470.0,2374.0,1696.0,712.0,1133.0,1014.0,1749.0,3498.0,3899.0,3874.0,4045.0,4049.0,0.0,0.0,0.0,0.0,0.0,4.0,72.0,115.0,103.0,1865.0,0,B32,10,Sugar beet,Field Bean,Field Bean,Peas,51282900,2018-05-03,"{""type"":""MultiPoint"",""coordinates"":[]}"
00000000000000000019_0,171.0,248.0,1470.0,765.0,588.0,1115.0,657.0,1639.0,4475.0,5350.0,5516.0,5493.0,5480.0,2.0,0.0,0.0,0.0,1024.0,4.0,59.0,113.0,67.0,1931.0,0,B32,10,Peas,Gras Clover Mix,Peas,Peas,48802796,2018-05-03,"{""type"":""MultiPoint"",""coordinates"":[]}"
00000000000000000062_0,103.0,356.0,2009.0,1127.5,422.5,829.0,635.5,1342.0,3486.0,4054.5,4374.0,4209.5,3651.5,0.0,0.0,0.0,0.0,0.0,4.0,42.5,84.0,64.5,1769.5,0,B32,10,Gras Clover Mix,Gras Clover Mix,Gras Clover Mix,Peas,49383064,2018-05-03,"{""type"":""MultiPoint"",""coordinates"":[]}"
00000000000000000032_0,98.5,183.5,1482.0,642.0,220.0,405.0,204.0,652.5,3252.5,4772.5,5006.5,4975.5,4917.0,0.0,0.0,0.0,0.0,0.0,4.0,22.0,41.0,20.0,1732.0,0,B11,10,Oats,Oats,Field Bean,Maize,51442890,2018-05-03,"{""type"":""MultiPoint"",""coordinates"":[]}"
00000000000000000009_0,155.0,881.0,3432.0,2871.0,1231.0,1740.5,2095.0,2377.5,2918.0,3197.5,3202.5,3354.0,3966.5,0.0,0.0,0.0,0.0,1024.0,7.5,125.0,177.0,213.5,1537.5,0,B11,10,Maize,Maize,Gras Clover Mix,Maize,46822784,2018-05-03,"{""type"":""MultiPoint"",""coordinates"":[]}"
0000000000000000002b_0,83.0,622.0,2858.0,2281.0,715.0,1046.0,1173.0,1550.0,2621.0,2950.0,2889.0,3140.0,3313.0,0.0,0.0,0.0,0.0,0.0,5.0,72.0,106.0,119.0,1284.0,0,B11,10,Maize,Maize,Maize,Maize,51263782,2018-05-03,"{""type"":""MultiPoint"",""coordinates"":[]}"
0000000000000000002f_0,83.0,605.0,2946.0,2421.0,824.0,1158.0,1446.0,1721.0,2426.0,2677.0,2751.0,2736.0,2953.0,0.0,0.0,0.0,0.0,0.0,5.0,84.0,118.0,147.0,1213.0,0,B11,10,Maize,Maize,Gras Clover Mix,Maize,51323784,2018-05-03,"{""type"":""MultiPoint"",""coordinates"":[]}"
0000000000000000006f_0,83.0,400.0,2407.0,1660.0,627.0,1003.0,952.0,1359.0,2741.0,3104.0,2966.0,3476.0,3567.0,0.0,0.0,0.0,0.0,0.0,4.0,63.0,102.0,97.0,1287.0,0,B11,10,Maize,Maize,Gras Clover Mix,Maize,51263784,2018-05-03,"{""type"":""MultiPoint"",""coordinates"":[]}"
00000000000000000060_0,171.0,516.0,2217.0,1637.0,644.0,901.0,860.0,1271.0,2359.0,2662.0,2684.0,2865.0,3897.0,0.0,0.0,0.0,0.0,1024.0,9.0,65.0,91.0,87.0,1923.0,0,B11,10,Maize,Gras Clover Mix,Gras Clover Mix,Maize,48882780,2018-05-03,"{""type"":""MultiPoint"",""coordinates"":[]}"
0000000000000000005b_0,170.0,393.0,1800.0,1085.0,428.0,713.0,598.0,1070.0,2477.0,3028.0,3061.0,3081.0,3005.0,0.0,0.0,0.0,0.0,0.0,4.0,43.0,72.0,60.0,1828.0,0,B13,10,Maize,Oats,Gras Clover Mix,Maize,48622818,2018-05-03,"{""type"":""MultiPoint"",""coordinates"":[]}"
0000000000000000005e_0,171.0,4303.0,3120.0,2384.0,5152.0,3983.0,2408.0,3055.0,4229.0,4871.0,5188.0,5074.0,9054.0,77.0,0.0,0.0,0.0,1024.0,8.0,255.0,255.0,245.0,1803.0,0,B13,10,Oats,Wheat,Wheat,Maize,48782800,2018-05-03,"{""type"":""MultiPoint"",""coordinates"":[]}"
00000000000000000017_0,59.0,628.0,2964.0,2246.0,785.0,1151.0,1081.0,1769.0,3272.0,3703.0,3894.0,3880.0,3848.0,0.0,0.0,0.0,0.0,0.0,4.0,80.0,117.0,110.0,1356.0,0,B13,10,Maize,Gras Clover Mix,Maize,Maize,48603216,2018-05-03,"{""type"":""MultiPoint"",""coordinates"":[]}"
0000000000000000006c_0,83.0,721.0,3386.0,3244.0,887.0,1184.0,1507.0,1702.0,1889.0,2068.0,2211.0,2280.0,2240.0,0.0,0.0,0.0,0.0,0.0,5.0,90.0,120.0,153.0,1154.0,2,B13,10,Maize,Harvested grain,Harvested grain,Maize,51243780,2018-05-03,"{""type"":""MultiPoint"",""coordinates"":[]}"
00000000000000000006_0,136.5,460.5,3156.5,2602.0,725.0,1087.5,1274.5,1673.5,2520.5,2802.0,2869.0,2982.5,3147.5,0.0,0.0,0.0,0.0,0.0,4.5,73.5,110.5,129.5,1431.0,0,B15,10,Maize,Maize,Maize,Maize,44943330,2018-05-03,"{""type"":""MultiPoint"",""coordinates"":[]}"
0000000000000000006e_0,125.0,768.0,3016.0,2274.0,964.5,1457.5,1711.0,2097.0,2904.5,3221.0,3201.0,3325.0,3167.5,0.0,0.0,0.0,0.0,0.0,5.0,98.0,148.0,174.0,1631.0,0,B15,10,Maize,Maize,Maize,Maize,51262904,2018-05-03,"{""type"":""MultiPoint"",""coordinates"":[]}"
00000000000000000056_0,59.0,720.0,3464.0,3262.0,926.0,1172.0,1503.0,1838.0,2392.0,2580.0,2698.0,2818.0,3020.0,0.0,0.0,0.0,0.0,0.0,5.0,94.0,119.0,153.0,1072.0,0,B15,10,Maize,Wheat,Maize,Maize,48563242,2018-05-03,"{""type"":""MultiPoint"",""coordinates"":[]}"
0000000000000000000a_0,217.5,1611.0,2232.0,1984.0,1700.0,1837.0,1765.0,2190.5,2551.5,2649.5,2660.0,2708.0,4296.0,2.0,0.0,0.0,0.0,0.0,8.0,157.5,168.5,169.0,2104.5,4,B16,10,Maize,Maize,Maize,Maize,47242648,2018-05-03,"{""type"":""MultiPoint"",""coordinates"":[]}"
00000000000000000015_0,171.0,795.0,2701.0,2385.0,973.0,1295.0,1567.0,1808.0,1957.0,2121.0,2159.0,2297.0,2351.0,0.0,0.0,0.0,0.0,0.0,5.0,99.0,132.0,159.0,1699.0,4,B16,10,Maize,Maize,Maize,Maize,48602814,2018-05-03,"{""type"":""MultiPoint"",""coordinates"":[]}"
00000000000000000016_0,170.0,821.0,2705.0,2395.0,932.0,1203.0,1481.0,1743.0,1930.0,2037.0,2045.0,2150.0,2367.0,0.0,0.0,0.0,0.0,0.0,5.0,95.0,122.0,151.0,1636.0,4,B16,10,Maize,Maize,Maize,Maize,48602816,2018-05-03,"{""type"":""MultiPoint"",""coordinates"":[]}"
0000000000000000001a_0,171.0,989.0,2957.0,2619.0,1227.0,1559.0,1779.0,2086.0,2353.0,2510.0,2582.0,2649.0,3433.0,0.0,0.0,0.0,0.0,1024.0,9.0,125.0,159.0,181.0,1856.0,4,B16,10,Maize,Maize,Maize,Maize,48842782,2018-05-03,"{""type"":""MultiPoint"",""coordinates"":[]}"
0000000000000000002e_0,111.0,645.5,2952.5,2525.5,837.0,1190.0,1481.0,1699.5,1895.0,2033.5,2163.0,2217.0,2296.0,0.0,0.0,0.0,0.0,0.0,5.0,84.5,120.5,150.5,1527.5,4,B16,10,Maize,Maize,Maize,Maize,51302890,2018-05-03,"{""type"":""MultiPoint"",""coordinates"":[]}"
00000000000000000031_0,98.5,784.5,3481.0,3200.0,1147.0,1730.0,2308.0,2555.5,2723.5,2830.0,2889.5,2911.5,2891.5,0.0,0.0,0.0,0.0,0.0,5.0,116.5,176.0,235.0,1514.0,4,B16,2,Maize,Maize,Maize,Maize,51402886,2018-05-03,"{""type"":""MultiPoint"",""coordinates"":[]}"
00000000000000000045_0,139.5,851.0,4148.5,4145.5,1219.0,1599.5,2148.0,2431.5,2517.5,2664.5,2827.0,2896.5,2914.5,0.0,0.0,0.0,0.0,0.0,5.0,123.5,162.5,218.5,1393.0,4,B16,10,Harvested grain,Maize,Maize,Maize,44803336,2018-05-03,"{""type"":""MultiPoint"",""coordinates"":[]}"
0000000000000000004f_0,188.0,436.0,1883.0,1232.0,976.0,1491.0,1464.0,1693.0,2365.0,2632.0,2799.0,2580.0,3352.0,0.0,0.0,0.0,0.0,0.0,5.0,99.0,152.0,149.0,1641.0,3,B16,10,Maize,Maize,Gras Clover Mix,Maize,47282644,2018-05-03,"{""type"":""MultiPoint"",""coordinates"":[]}"
00000000000000000050_0,189.0,477.0,2417.0,2052.0,697.0,1053.0,1194.0,1576.0,2072.0,2386.0,2557.0,2458.0,2808.0,1.0,0.0,0.0,0.0,0.0,5.0,71.0,107.0,121.0,1944.0,4,B16,10,Maize,Maize,Maize,Maize,47302640,2018-05-03,"{""type"":""MultiPoint"",""coordinates"":[]}"
00000000000000000054_0,59.0,595.0,3373.0,2957.0,867.0,1189.0,1520.0,2010.0,2580.0,2860.0,3057.0,2963.0,3076.0,0.0,0.0,0.0,0.0,0.0,5.0,88.0,121.0,155.0,1084.0,3,B16,10,Barley,Maize,Maize,Maize,48563224,2018-05-03,"{""type"":""MultiPoint"",""coordinates"":[]}"
00000000000000000064_0,94.5,507.0,2651.0,2354.5,683.0,901.5,1129.0,1308.5,1511.0,1650.5,1707.5,1846.0,1862.0,0.0,0.0,0.0,0.0,0.0,5.0,69.0,91.0,114.5,1379.5,4,B16,10,Maize,Maize,Maize,Maize,49922872,2018-05-03,"{""type"":""MultiPoint"",""coordinates"":[]}"
00000000000000000071_0,110.5,903.5,3644.5,3372.5,1257.0,1820.5,2369.0,2667.5,2852.5,3041.5,3052.0,3106.5,3050.0,0.0,0.0,0.0,0.0,0.0,5.0,128.0,185.0,241.0,1619.5,4,B16,10,Maize,Maize,Maize,Maize,51302894,2018-05-03,"{""type"":""MultiPoint"",""coordinates"":[]}"
00000000000000000083_0,163.0,653.0,3057.0,2172.0,723.0,1100.0,1913.0,2157.0,2287.0,2461.0,2521.0,2615.0,2751.0,0.0,0.0,0.0,0.0,0.0,5.0,73.0,112.0,195.0,1388.0,3,B16,10,Gras Clover Mix,Maize,Harvested grain,Maize,32921860,2018-05-03,"{""type"":""MultiPoint"",""coordinates"":[]}"
00000000000000000021_0,93.0,1068.0,3583.0,3257.0,1371.5,1893.5,2366.0,2711.5,2954.5,3054.5,3187.5,3197.0,3220.0,0.0,0.0,0.0,0.0,0.0,5.0,139.5,192.5,240.5,1310.5,2,B16,2,Gras Clover Mix,Wheat,Harvested grain,Maize,49882864,2018-05-03,"{""type"":""MultiPoint"",""coordinates"":[]}"
0000000000000000000c_0,189.0,490.0,2386.0,1511.0,552.0,947.0,1002.0,1406.0,3289.0,3962.0,3471.0,4155.0,3373.0,0.0,0.0,0.0,0.0,0.0,4.0,56.0,96.0,102.0,2200.0,3,B16,10,Maize,Potatoes,Maize,Maize,47322642,2018-05-03,"{""type"":""MultiPoint"",""coordinates"":[]}"
00000000000000000046_0,136.5,688.5,3992.0,3777.5,1238.5,1639.5,2144.0,2458.0,2608.0,2803.0,2951.0,2997.0,3238.5,0.0,0.0,0.0,0.0,0.0,5.0,125.5,167.0,218.5,1296.0,2,B16,10,Harvested grain,Gras Clover Mix,Gras Clover Mix,Maize,44823334,2018-05-03,"{""type"":""MultiPoint"",""coordinates"":[]}"
00000000000000000066_0,64.0,836.0,3778.0,3635.0,1015.0,1473.0,1826.0,2164.0,2498.0,2627.0,2771.0,2774.0,2801.0,0.0,0.0,0.0,0.0,0.0,5.0,103.0,150.0,186.0,1145.0,1,B16,10,Peas,Gras Clover Mix,Wheat,Maize,49983398,2018-05-03,"{""type"":""MultiPoint"",""coordinates"":[]}"
00000000000000000018_0,59.0,847.0,3809.0,3571.0,1246.0,1608.0,2004.0,2362.0,2807.0,2979.0,3096.0,3186.0,3211.0,0.0,0.0,0.0,0.0,0.0,5.0,127.0,164.0,204.0,1238.0,4,B16,10,Maize,Harvested grain,Maize,Maize,48623226,2018-05-03,"{""type"":""MultiPoint"",""coordinates"":[]}"
00000000000000000028_0,83.0,452.0,3061.0,2368.0,928.0,1245.0,1634.0,1749.0,2708.0,2900.0,2618.0,3155.0,3434.0,0.0,0.0,0.0,0.0,0.0,5.0,94.0,126.0,166.0,1215.0,2,B18,10,Harvested grain,Maize,Harvested grain,Maize,51203782,2018-05-03,"{""type"":""MultiPoint"",""coordinates"":[]}"
00000000000000000080_0,148.0,280.0,1542.0,916.0,263.0,563.0,463.0,1075.0,2082.0,2442.0,2469.0,2605.0,2627.0,0.0,0.0,0.0,0.0,0.0,4.0,26.0,57.0,47.0,1360.0,0,B18,10,Barley,Barley,Barley,Maize,30561886,2018-05-03,"{""type"":""MultiPoint"",""coordinates"":[]}"
00000000000000000058_0,59.0,760.0,3759.0,3522.0,1102.0,1396.0,1691.0,2109.0,2481.0,2744.0,2727.0,3027.0,3208.0,0.0,0.0,0.0,0.0,0.0,5.0,112.0,142.0,172.0,1117.0,0,B21,10,Sugar beet,Maize,Maize,Maize,48583230,2018-05-03,"{""type"":""MultiPoint"",""coordinates"":[]}"
00000000000000000047_0,204.0,998.0,2627.0,2214.5,1439.0,1939.5,2005.5,2762.5,3771.5,4167.0,4229.5,4234.0,4372.0,0.5,0.0,0.0,0.0,0.0,6.0,146.5,197.0,204.0,2085.5,1,B22,10,Maize,Maize,Sugar beet,Maize,45222502,2018-05-03,"{""type"":""MultiPoint"",""coordinates"":[]}"
00000000000000000085_0,157.5,366.5,2136.5,1280.0,588.5,977.0,1072.0,1393.0,3497.5,4304.0,4410.5,4744.0,4872.0,0.0,0.0,0.0,0.0,0.0,4.0,59.5,99.0,108.5,1590.5,0,B32,10,Potatoes,Wheat,Peas,Maize,33001858,2018-05-03,"{""type"":""MultiPoint"",""coordinates"":[]}"
00000000000000000044_0,135.0,365.0,3024.0,2735.0,579.0,796.0,1001.0,1636.5,2201.5,2424.5,2065.0,2708.0,3256.5,0.0,0.0,0.0,0.0,0.0,5.0,58.5,80.5,101.5,1248.0,0,B41,10,Gras Clover Mix,Maize,Gras Clover Mix,Maize,44803332,2018-05-03,"{""type"":""MultiPoint"",""coordinates"":[]}"
0000000000000000004b_0,154.5,412.0,1911.5,1272.0,796.0,1048.0,981.0,1355.0,3208.5,3980.0,3856.5,4169.5,4141.0,3.0,0.0,0.0,0.0,1024.0,7.0,80.5,106.0,99.5,1629.5,1,B11,10,Oats,Oats,Oats,Wheat,46822786,2018-05-03,"{""type"":""MultiPoint"",""coordinates"":[]}"
0000000000000000007b_0,182.5,9996.0,4813.0,4448.5,8992.5,8375.0,7896.0,8448.0,8183.0,8079.5,8369.0,7982.5,13456.0,100.0,0.0,0.0,0.0,1024.0,9.0,255.0,255.0,255.0,1998.0,3,B11,10,Wheat,Oats,Wheat,Wheat,56142312,2018-05-03,"{""type"":""MultiPoint"",""coordinates"":[]}"
00000000000000000088_0,142.0,281.0,2003.0,1183.0,578.0,938.0,781.0,1289.0,3249.0,3873.0,4123.0,4191.0,4835.0,0.0,0.0,0.0,0.0,1024.0,4.0,58.0,95.0,79.0,1187.0,1,B11,10,Gras Clover Mix,Gras Clover Mix,Gras Clover Mix,Wheat,34562768,2018-05-03,"{""type"":""MultiPoint"",""coordinates"":[]}"
00000000000000000055_0,59.0,288.0,1704.0,925.0,269.0,543.0,333.0,941.0,3282.0,4384.0,4743.0,4581.0,4446.0,0.0,0.0,0.0,0.0,0.0,4.0,27.0,55.0,33.0,1346.0,0,B13,10,Oats,Oats,Oats,Wheat,48563236,2018-05-03,"{""type"":""MultiPoint"",""coordinates"":[]}"
00000000000000000077_0,155.0,705.0,2955.5,2530.5,680.5,1013.5,1054.0,1786.0,2609.5,2894.0,3128.0,3161.0,3329.5,0.0,0.0,0.0,0.0,0.0,6.0,69.0,102.5,107.0,1421.0,0,B13,10,Wheat,Oats,Oats,Wheat,52283204,2018-05-03,"{""type"":""MultiPoint"",""coordinates"":[]}"
00000000000000000020_0,110.0,474.0,1863.0,1412.5,590.0,811.5,748.0,1225.5,2117.5,2349.5,2274.0,2554.0,2693.5,1.0,0.0,0.0,0.0,0.0,4.0,59.5,82.5,76.0,1464.5,0,B13,10,Gras Clover Mix,Wheat,Oats,Wheat,49423064,2018-05-03,"{""type"":""MultiPoint"",""coordinates"":[]}"
00000000000000000057_0,59.0,453.0,1615.0,1025.0,323.0,575.0,464.0,883.0,2207.0,2640.0,2658.0,2792.0,2503.0,0.0,0.0,0.0,0.0,0.0,4.0,32.0,58.0,47.0,1322.0,1,B13,10,Barley,Wheat,Maize,Wheat,48563244,2018-05-03,"{""type"":""MultiPoint"",""coordinates"":[]}"
0000000000000000004d_0,201.0,722.0,3646.0,2742.0,1552.0,1962.0,2363.0,2597.0,2980.0,3253.0,3584.0,3533.0,3832.0,0.0,0.0,0.0,0.0,0.0,5.0,158.0,200.0,241.0,1592.0,1,B18,10,Wheat,Barley,Triticale,Wheat,47261432,2018-05-03,"{""type"":""MultiPoint"",""coordinates"":[]}"
00000000000000000038_0,175.0,7709.0,4748.5,3889.0,7472.0,6974.5,6619.0,7119.0,7021.5,6933.0,7394.5,6733.0,10548.5,59.5,0.0,0.0,0.0,512.0,8.0,225.5,235.5,232.0,2006.0,0,B11,10,Barley,Barley,Barley,Barley,56182312,2018-05-03,"{""type"":""MultiPoint"",""coordinates"":[]}"
0000000000000000003a_0,197.0,957.0,3656.0,3000.0,1202.0,1603.0,2093.0,2501.0,2603.0,2779.0,2835.0,2962.0,3015.0,0.0,0.0,0.0,0.0,0.0,5.0,122.0,163.0,213.0,1861.0,1,B11,10,Barley,Barley,Wheat,Barley,64381658,2018-05-03,"{""type"":""MultiPoint"",""coordinates"":[]}"
0000000000000000001d_0,110.0,600.5,3038.0,2404.0,1019.0,1484.0,1593.0,1973.5,3089.5,3667.5,3463.0,3739.5,3856.5,0.0,0.0,0.0,0.0,0.0,4.0,103.5,151.0,162.0,1493.5,0,B11,10,Gras Clover Mix,Gras Clover Mix,Gras Clover Mix,Barley,49363068,2018-05-03,"{""type"":""MultiPoint"",""coordinates"":[]}"
00000000000000000040_0,177.0,222.5,1537.0,847.0,252.0,517.0,349.5,973.0,2937.5,3764.5,3874.0,4030.5,4059.0,0.0,0.0,0.0,0.0,0.0,4.0,25.5,52.0,35.5,1626.5,4,B13,10,Barley,Barley,Barley,Barley,34562132,2018-05-03,"{""type"":""MultiPoint"",""coordinates"":[]}"
0000000000000000007f_0,100.5,392.5,2334.5,1535.0,499.0,827.0,747.5,1450.5,3287.0,3880.5,4070.5,4116.5,3647.5,0.0,0.0,0.0,0.0,0.0,4.0,50.0,84.0,76.0,1169.5,4,B13,10,Barley,Barley,Barley,Barley,29922162,2018-05-03,"{""type"":""MultiPoint"",""coordinates"":[]}"
00000000000000000081_0,162.0,382.0,3000.0,1899.0,562.0,921.0,1060.0,1719.0,3520.0,4159.0,4358.0,4524.0,4620.0,0.0,0.0,0.0,0.0,0.0,4.0,57.0,93.0,108.0,1392.0,4,B13,10,Barley,Barley,Barley,Barley,32861862,2018-05-03,"{""type"":""MultiPoint"",""coordinates"":[]}"
00000000000000000084_0,157.5,329.0,2483.5,1479.5,426.0,787.5,763.5,1566.0,3265.5,3990.0,4283.5,4422.0,4462.0,0.0,0.0,0.0,0.0,0.0,4.0,43.0,79.5,77.5,1494.0,3,B13,10,Gras Clover Mix,Barley,Barley,Barley,32981856,2018-05-03,"{""type"":""MultiPoint"",""coordinates"":[]}"
00000000000000000010_0,200.0,627.0,1958.5,1104.0,731.0,876.0,730.0,1204.0,3408.0,4311.0,4198.5,4407.0,3996.0,0.5,0.0,0.0,0.0,0.0,7.0,74.0,89.0,74.0,2099.5,2,B13,10,Barley,Triticale,Gras Clover Mix,Barley,48162796,2018-05-03,"{""type"":""MultiPoint"",""coordinates"":[]}"
00000000000000000087_0,170.0,648.5,2218.0,1381.0,455.5,831.0,631.0,1369.5,3043.5,3603.5,3879.0,3961.0,3658.5,0.0,0.0,0.0,0.0,0.0,4.0,46.0,84.5,64.0,1594.5,1,B13,10,Gras Clover Mix,Gras Clover Mix,Gras Clover Mix,Barley,34542132,2018-05-03,"{""type"":""MultiPoint"",""coordinates"":[]}"
00000000000000000076_0,140.5,779.0,3098.0,2506.5,992.0,1366.0,1494.5,2113.5,3297.0,3528.0,3570.5,3719.5,3942.5,0.0,0.0,0.0,0.0,0.0,5.5,100.5,139.0,152.0,1467.5,0,B16,10,Potatoes,Gras Clover Mix,Gras Clover Mix,Barley,52223206,2018-05-03,"{""type"":""MultiPoint"",""coordinates"":[]}"
00000000000000000089_0,220.5,339.5,2366.0,1600.5,542.5,839.0,825.0,1302.0,2927.5,3714.5,3813.0,3939.0,3930.0,0.0,0.0,0.0,0.0,0.0,4.0,55.0,85.0,83.5,1744.5,0,B18,10,Wheat,Oats,Barley,Barley,34622130,2018-05-03,"{""type"":""MultiPoint"",""coordinates"":[]}"
0000000000000000000b_0,187.0,497.0,1768.0,965.0,317.0,596.0,348.0,974.0,3377.0,4382.0,4493.0,4644.0,3623.0,0.0,0.0,0.0,0.0,0.0,4.0,32.0,60.0,35.0,1967.0,1,B11,10,Wheat,Oats,Oats,Potatoes,47302638,2018-05-03,"{""type"":""MultiPoint"",""coordinates"":[]}"
00000000000000000000_0,162.0,1437.0,1755.0,1225.0,1409.0,1356.0,1253.0,1695.0,3217.0,4212.0,4493.0,4477.0,6340.0,12.0,0.0,0.0,0.0,1024.0,8.0,143.0,138.0,127.0,1176.0,1,B11,10,Oats,Wheat,Gras Clover Mix,Potatoes,41683182,2018-05-03,"{""type"":""MultiPoint"",""coordinates"":[]}"
0000000000000000005d_0,65.0,2478.0,4357.5,4562.5,1650.0,2180.0,2782.5,3046.5,3210.0,3391.0,3438.0,3539.5,4373.5,0.0,0.0,0.0,0.0,0.0,5.0,168.0,221.5,255.0,1154.0,1,B21,10,Gras Clover Mix,Maize,Maize,Potatoes,48723214,2018-05-03,"{""type"":""MultiPoint"",""coordinates"":[]}"
0000000000000000003d_0,166.0,310.0,1943.5,929.5,414.0,780.5,429.5,1316.5,3877.5,4604.0,4574.0,4764.0,4413.0,0.0,0.0,0.0,0.0,0.0,4.0,42.0,79.0,43.5,1246.5,2,B21,10,Gras Clover Mix,Potatoes,Gras Clover Mix,Potatoes,30482400,2018-05-03,"{""type"":""MultiPoint"",""coordinates"":[]}"
00000000000000000065_0,64.0,471.0,2844.0,2647.0,675.0,1002.0,1195.0,1551.0,2062.0,2374.0,2488.0,2553.0,3729.0,0.0,0.0,0.0,0.0,0.0,5.0,68.0,102.0,121.0,1213.0,3,B21,10,Potatoes,Potatoes,Sugar beet,Potatoes,49963398,2018-05-03,"{""type"":""MultiPoint"",""coordinates"":[]}"
00000000000000000068_0,64.0,822.0,4059.0,3891.0,1125.0,1544.0,1972.0,2307.0,2546.0,2750.0,2930.0,2977.0,2876.0,0.0,0.0,0.0,0.0,0.0,5.0,114.0,157.0,201.0,1154.0,0,B22,10,Maize,Peas,Maize,Potatoes,50063400,2018-05-03,"{""type"":""MultiPoint"",""coordinates"":[]}"
00000000000000000014_0,59.0,260.0,1654.0,1008.0,442.0,758.0,619.0,1120.0,3460.0,4321.0,3962.0,4255.0,3996.0,0.0,0.0,0.0,0.0,0.0,4.0,45.0,77.0,63.0,1343.0,0,B32,10,Potatoes,Peas,Potatoes,Potatoes,48583234,2018-05-03,"{""type"":""MultiPoint"",""coordinates"":[]}"
0000000000000000005f_0,171.0,566.0,1874.0,1200.0,568.0,977.0,702.0,1533.0,3931.0,4497.0,5195.0,4877.0,3175.0,1.0,0.0,0.0,0.0,0.0,4.0,57.0,99.0,71.0,1856.0,0,B32,10,Peas,Peas,Gras Clover Mix,Potatoes,48822790,2018-05-03,"{""type"":""MultiPoint"",""coordinates"":[]}"
00000000000000000036_0,65.0,328.0,1877.0,1238.0,361.0,613.0,567.5,958.0,1596.5,1794.0,2215.0,2015.5,3056.5,0.0,0.0,0.0,0.0,0.0,4.0,36.0,62.0,57.0,622.0,0,B32,10,Gras Clover Mix,Maize,Gras Clover Mix,Potatoes,53463812,2018-05-03,"{""type"":""MultiPoint"",""coordinates"":[]}"
00000000000000000001_0,154.5,254.0,2226.0,1390.0,639.0,1228.5,1202.0,1777.5,3450.5,3838.0,4050.5,4023.0,4672.5,0.0,0.0,0.0,0.0,0.0,4.0,64.5,125.0,122.0,1444.5,0,B32,10,Potatoes,Sugar beet,Gras Clover Mix,Potatoes,44663336,2018-05-03,"{""type"":""MultiPoint"",""coordinates"":[]}"
00000000000000000023_0,64.0,684.0,4161.0,3999.0,1345.0,1704.0,2229.0,2559.0,2794.0,3003.0,3158.0,3233.0,3266.0,0.0,0.0,0.0,0.0,0.0,5.0,137.0,173.0,227.0,1156.0,1,B41,10,Harvested grain,Potatoes,Potatoes,Potatoes,49983402,2018-05-03,"{""type"":""MultiPoint"",""coordinates"":[]}"
00000000000000000051_0,199.0,337.0,1544.5,859.0,350.5,535.5,404.0,803.5,2773.5,4221.5,4261.5,4405.0,4171.5,0.5,0.0,0.0,0.0,0.0,6.0,35.0,54.0,40.5,2084.5,0,B13,10,Gras Clover Mix,Oats,Oats,Triticale,48162792,2018-05-03,"{""type"":""MultiPoint"",""coordinates"":[]}"
00000000000000000025_0,64.0,602.0,2382.0,1695.0,756.0,1189.0,1208.0,1670.0,3090.0,3500.0,3429.0,3618.0,3533.0,0.0,0.0,0.0,0.0,0.0,4.0,77.0,121.0,123.0,1204.0,0,B32,10,Sugar beet,Sugar beet,Peas,Sugar beet,50043400,2018-05-03,"{""type"":""MultiPoint"",""coordinates"":[]}"
0000000000000000002c_0,83.0,308.0,1905.0,1018.0,414.0,819.0,544.0,1161.0,3553.0,4485.0,4703.0,4681.0,4488.0,0.0,0.0,0.0,0.0,0.0,4.0,42.0,83.0,55.0,1530.0,0,B11,10,Gras Clover Mix,Maize,Gras Clover Mix,Gras Clover Mix,51263788,2018-05-03,"{""type"":""MultiPoint"",""coordinates"":[]}"
0000000000000000002d_0,89.0,861.0,3347.0,2894.0,933.0,1266.0,1414.0,2020.0,2847.0,3070.0,3111.0,3277.0,3544.0,0.0,0.0,0.0,0.0,1024.0,5.0,95.0,129.0,144.0,1098.0,0,B11,10,Maize,Gras Clover Mix,Gras Clover Mix,Gras Clover Mix,51263792,2018-05-03,"{""type"":""MultiPoint"",""coordinates"":[]}"
00000000000000000030_0,83.0,304.0,2223.0,1342.0,481.0,793.0,723.0,1275.0,2781.0,3174.0,3117.0,3366.0,3730.0,0.0,0.0,0.0,0.0,0.0,4.0,49.0,80.0,73.0,1282.0,0,B11,10,Maize,Gras Clover Mix,Gras Clover Mix,Gras Clover Mix,51323786,2018-05-03,"{""type"":""MultiPoint"",""coordinates"":[]}"
00000000000000000073_0,83.0,607.0,1789.0,1064.0,708.0,880.0,747.0,1140.0,2844.0,3707.0,3790.0,3891.0,3708.0,0.0,0.0,0.0,0.0,0.0,7.0,72.0,89.0,76.0,1350.0,0,B11,10,Gras Clover Mix,Gras Clover Mix,Gras Clover Mix,Gras Clover Mix,51323782,2018-05-03,"{""type"":""MultiPoint"",""coordinates"":[]}"
00000000000000000074_0,89.0,343.0,2049.0,1368.0,573.0,847.0,825.0,1131.0,2409.0,2994.0,3154.0,3205.0,3115.0,0.0,0.0,0.0,0.0,0.0,4.0,58.0,86.0,84.0,1277.0,0,B11,10,Gras Clover Mix,Gras Clover Mix,Gras Clover Mix,Gras Clover Mix,51403810,2018-05-03,"{""type"":""MultiPoint"",""coordinates"":[]}"
00000000000000000075_0,83.0,439.0,1734.0,1090.0,456.0,675.0,522.0,945.0,2234.0,2647.0,2608.0,2825.0,2931.0,0.0,0.0,0.0,0.0,0.0,4.0,46.0,68.0,53.0,1234.0,0,B11,10,Gras Clover Mix,Gras Clover Mix,Gras Clover Mix,Gras Clover Mix,51483800,2018-05-03,"{""type"":""MultiPoint"",""coordinates"":[]}"
00000000000000000079_0,65.0,231.0,2175.0,1167.5,317.0,648.0,448.5,1148.0,2930.0,3422.5,3732.0,3619.0,3530.0,0.0,0.0,0.0,0.0,0.0,4.0,32.0,65.5,45.5,876.5,0,B11,10,Gras Clover Mix,Gras Clover Mix,Gras Clover Mix,Gras Clover Mix,53443816,2018-05-03,"{""type"":""MultiPoint"",""coordinates"":[]}"
0000000000000000007a_0,65.0,308.0,2324.0,1243.0,367.0,785.0,643.0,1262.0,3409.0,4028.0,4328.0,4277.0,4294.0,0.0,0.0,0.0,0.0,0.0,4.0,37.0,80.0,65.0,1042.0,0,B11,10,Gras Clover Mix,Gras Clover Mix,Gras Clover Mix,Gras Clover Mix,53623798,2018-05-03,"{""type"":""MultiPoint"",""coordinates"":[]}"
00000000000000000029_0,83.0,350.0,2148.0,1489.0,538.0,737.0,712.0,1194.0,2496.0,3013.0,2987.0,3147.0,3152.0,0.0,0.0,0.0,0.0,0.0,4.0,54.0,75.0,72.0,1062.0,1,B11,10,Maize,Harvested grain,Gras Clover Mix,Gras Clover Mix,51223780,2018-05-03,"{""type"":""MultiPoint"",""coordinates"":[]}"
0000000000000000005a_0,170.0,413.0,2362.0,1562.0,562.0,972.0,942.0,1416.0,2939.0,3349.0,3324.0,3481.0,3551.0,0.0,0.0,0.0,0.0,0.0,4.0,57.0,99.0,96.0,1783.0,0,B13,10,Gras Clover Mix,Oats,Gras Clover Mix,Gras Clover Mix,48622816,2018-05-03,"{""type"":""MultiPoint"",""coordinates"":[]}"
0000000000000000003e_0,163.0,345.0,2065.0,1067.0,381.0,658.0,461.0,976.0,3733.0,5500.0,5665.0,5743.0,5748.0,0.0,0.0,0.0,0.0,0.0,4.0,38.0,67.0,47.0,1873.0,0,B13,10,Oats,Maize,Oats,Gras Clover Mix,32901858,2018-05-03,"{""type"":""MultiPoint"",""coordinates"":[]}"
0000000000000000005c_0,65.0,602.0,2845.5,2301.0,760.0,1172.0,1152.5,1707.0,2700.5,3138.0,2958.5,3244.5,3060.0,0.0,0.0,0.0,0.0,0.0,4.0,77.0,119.0,117.0,1375.0,0,B13,10,Maize,Maize,Maize,Gras Clover Mix,48683216,2018-05-03,"{""type"":""MultiPoint"",""coordinates"":[]}"
0000000000000000000d_0,164.5,624.5,1746.0,1196.0,696.0,896.5,691.0,1168.5,2639.5,3293.0,3384.5,3394.5,3552.5,3.5,0.0,0.0,0.0,0.0,4.0,70.5,90.5,70.0,1728.0,0,B13,10,Oats,Wheat,Potatoes,Gras Clover Mix,47842774,2018-05-03,"{""type"":""MultiPoint"",""coordinates"":[]}"
00000000000000000053_0,59.0,321.0,2133.0,1250.0,338.0,563.0,421.0,955.0,3359.0,4687.0,5069.0,4933.0,4953.0,0.0,0.0,0.0,0.0,0.0,4.0,34.0,57.0,42.0,1286.0,0,B13,10,Oats,Wheat,Oats,Gras Clover Mix,48543226,2018-05-03,"{""type"":""MultiPoint"",""coordinates"":[]}"
0000000000000000000e_0,167.0,705.5,2173.5,1464.0,621.0,873.0,701.0,1369.0,2788.5,3184.5,3289.5,3406.0,3645.5,1.0,0.0,0.0,0.0,0.0,4.0,63.0,88.5,71.0,1767.5,0,B13,10,Gras Clover Mix,Gras Clover Mix,Gras Clover Mix,Gras Clover Mix,47842776,2018-05-03,"{""type"":""MultiPoint"",""coordinates"":[]}"
00000000000000000042_0,162.0,721.0,2206.0,1830.0,926.0,1135.0,1268.0,1544.0,2128.0,2405.0,2178.0,2719.0,2674.0,0.0,0.0,0.0,0.0,1024.0,7.0,94.0,115.0,129.0,1001.0,0,B13,10,Gras Clover Mix,Gras Clover Mix,Gras Clover Mix,Gras Clover Mix,41763188,2018-05-03,"{""type"":""MultiPoint"",""coordinates"":[]}"
0000000000000000006a_0,94.0,555.0,2753.0,2202.0,729.0,1094.0,1197.0,1638.0,2469.0,2737.0,2868.0,2839.0,2805.0,0.0,0.0,0.0,0.0,0.0,5.0,74.0,111.0,122.0,1316.0,0,B13,10,Maize,Gras Clover Mix,Gras Clover Mix,Gras Clover Mix,50763472,2018-05-03,"{""type"":""MultiPoint"",""coordinates"":[]}"
00000000000000000005_0,136.5,507.5,2618.5,1924.5,590.5,868.0,896.0,1231.0,2412.5,2868.0,2882.5,3080.5,3071.0,0.0,0.0,0.0,0.0,0.0,4.0,60.0,88.0,91.0,1362.5,0,B14,10,Maize,Maize,Gras Clover Mix,Gras Clover Mix,44783332,2018-05-03,"{""type"":""MultiPoint"",""coordinates"":[]}"
00000000000000000049_0,126.5,1543.5,2960.5,2703.5,1180.5,1245.0,1317.0,1684.5,2465.5,2739.5,2878.5,2962.0,3772.0,0.0,0.0,0.0,0.0,0.0,6.0,120.0,126.5,134.0,1682.0,0,B14,2,Maize,Wheat,Gras Clover Mix,Gras Clover Mix,45863212,2018-05-03,"{""type"":""MultiPoint"",""coordinates"":[]}"
0000000000000000004a_0,130.0,1812.0,3235.0,2492.5,2266.0,2423.0,2347.0,2942.0,4001.0,4181.0,4426.0,4237.0,5642.0,50.0,0.0,0.0,0.0,0.0,6.5,157.5,173.5,169.5,1806.0,0,B14,10,Gras Clover Mix,Gras Clover Mix,Maize,Gras Clover Mix,45883208,2018-05-03,"{""type"":""MultiPoint"",""coordinates"":[]}"
00000000000000000013_0,59.0,481.0,2668.0,2193.0,747.0,1062.0,975.0,1549.0,2962.0,3368.0,3554.0,3504.0,3188.0,0.0,0.0,0.0,0.0,0.0,4.0,76.0,108.0,99.0,1385.0,0,B15,10,Maize,Gras Clover Mix,Maize,Gras Clover Mix,48583232,2018-05-03,"{""type"":""MultiPoint"",""coordinates"":[]}"
0000000000000000001c_0,110.0,257.0,1741.0,947.0,388.0,794.0,588.0,1156.0,3380.0,4274.0,4623.0,4431.0,4028.0,0.0,0.0,0.0,0.0,0.0,4.0,39.0,80.0,59.0,1800.0,2,B15,10,Oats,Gras Clover Mix,Oats,Gras Clover Mix,49343070,2018-05-03,"{""type"":""MultiPoint"",""coordinates"":[]}"
00000000000000000035_0,65.0,407.5,2255.0,1386.0,447.0,701.0,699.0,1204.5,2185.5,2374.0,2514.5,2742.5,2665.0,0.0,0.0,0.0,0.0,0.0,4.0,45.0,71.0,71.0,842.5,0,B15,10,Gras Clover Mix,Gras Clover Mix,Gras Clover Mix,Gras Clover Mix,53223808,2018-05-03,"{""type"":""MultiPoint"",""coordinates"":[]}"
0000000000000000003c_0,101.5,473.0,2484.0,1501.5,562.5,875.0,897.5,1338.0,2574.0,3046.5,3098.5,3303.5,3418.5,0.0,0.0,0.0,0.0,0.0,4.0,57.0,88.5,91.0,893.5,0,B15,10,Gras Clover Mix,Gras Clover Mix,Gras Clover Mix,Gras Clover Mix,29862156,2018-05-03,"{""type"":""MultiPoint"",""coordinates"":[]}"
00000000000000000059_0,59.0,424.0,2828.0,2049.0,740.0,1119.0,1069.0,1758.0,3387.0,4001.0,4303.0,4183.0,4607.0,0.0,0.0,0.0,0.0,0.0,4.0,75.0,114.0,109.0,1270.0,0,B15,10,Gras Clover Mix,Gras Clover Mix,Gras Clover Mix,Gras Clover Mix,48603234,2018-05-03,"{""type"":""MultiPoint"",""coordinates"":[]}"
00000000000000000061_0,107.0,390.0,2345.0,1429.5,582.0,1010.0,664.5,1560.0,3515.5,4222.5,4465.0,4195.0,4264.5,0.0,0.0,0.0,0.0,0.0,4.0,59.0,103.0,67.0,1518.0,0,B15,10,Gras Clover Mix,Gras Clover Mix,Gras Clover Mix,Gras Clover Mix,49363074,2018-05-03,"{""type"":""MultiPoint"",""coordinates"":[]}"
00000000000000000027_0,100.0,818.0,3367.0,3207.0,1081.0,1477.0,1984.0,2132.0,2275.0,2358.0,2537.0,2573.0,2594.0,0.0,0.0,0.0,0.0,0.0,5.0,110.0,150.0,202.0,1200.0,3,B16,10,Maize,Maize,Harvested grain,Gras Clover Mix,50883480,2018-05-03,"{""type"":""MultiPoint"",""coordinates"":[]}"
0000000000000000000f_0,199.0,1153.5,1988.0,1959.5,1074.5,1007.5,1000.0,1196.0,1603.0,1997.5,2073.5,2287.5,3736.5,2.0,0.0,0.0,0.0,0.0,6.0,109.0,102.5,101.5,1733.5,2,B16,10,Wheat,Harvested grain,Harvested grain,Gras Clover Mix,48162788,2018-05-03,"{""type"":""MultiPoint"",""coordinates"":[]}"
00000000000000000067_0,64.0,384.0,2509.0,1916.0,609.0,969.0,865.0,1600.0,2818.0,3197.0,3278.0,3301.0,3491.0,0.0,0.0,0.0,0.0,0.0,4.0,62.0,98.0,88.0,1162.0,0,B18,10,Gras Clover Mix,Gras Clover Mix,Gras Clover Mix,Gras Clover Mix,50043402,2018-05-03,"{""type"":""MultiPoint"",""coordinates"":[]}"
00000000000000000069_0,64.0,307.0,1790.0,1028.0,349.0,664.0,449.0,1076.0,2990.0,3638.0,3877.0,3829.0,4104.0,0.0,0.0,0.0,0.0,0.0,4.0,35.0,67.0,45.0,1163.0,0,B18,10,Maize,Gras Clover Mix,Gras Clover Mix,Gras Clover Mix,50083404,2018-05-03,"{""type"":""MultiPoint"",""coordinates"":[]}"
0000000000000000001f_0,99.0,393.0,2030.0,1614.0,567.0,860.0,942.0,1419.0,2077.0,2330.0,2486.0,2507.0,2594.0,0.0,0.0,0.0,0.0,0.0,4.0,57.0,87.0,96.0,1200.0,0,B21,10,Peas,Gras Clover Mix,Gras Clover Mix,Gras Clover Mix,49383072,2018-05-03,"{""type"":""MultiPoint"",""coordinates"":[]}"
0000000000000000003b_0,142.0,5393.0,2438.0,2291.0,5029.0,4730.0,4455.0,4884.0,5398.0,5572.0,5711.0,5566.0,7193.0,100.0,0.0,0.0,0.0,1024.0,9.0,255.0,255.0,255.0,926.0,0,B21,10,Gras Clover Mix,Gras Clover Mix,Gras Clover Mix,Gras Clover Mix,29022372,2018-05-03,"{""type"":""MultiPoint"",""coordinates"":[]}"
0000000000000000006b_0,91.0,387.0,2496.0,1712.0,489.0,805.0,709.0,1281.0,3141.0,3692.0,3669.0,3991.0,3275.0,0.0,0.0,0.0,0.0,0.0,4.0,49.0,82.0,72.0,1517.0,0,B21,10,Maize,Gras Clover Mix,Gras Clover Mix,Gras Clover Mix,50783470,2018-05-03,"{""type"":""MultiPoint"",""coordinates"":[]}"
0000000000000000002a_0,83.0,649.0,3086.0,2452.0,797.0,1126.0,1290.0,1777.0,2821.0,3112.0,3167.0,3272.0,3237.0,0.0,0.0,0.0,0.0,0.0,4.0,81.0,114.0,131.0,1282.0,1,B32,10,Harvested grain,Potatoes,Potatoes,Gras Clover Mix,51243788,2018-05-03,"{""type"":""MultiPoint"",""coordinates"":[]}"
0000000000000000008a_0,142.0,526.0,1731.0,1044.0,692.0,1068.0,844.0,1628.0,4326.0,4984.0,5097.0,5100.0,5714.0,3.0,0.0,0.0,0.0,1024.0,9.0,70.0,108.0,86.0,1343.0,2,B32,10,Winter oilseed rape,Winter oilseed rape,Gras Clover Mix,Gras Clover Mix,34702760,2018-05-03,"{""type"":""MultiPoint"",""coordinates"":[]}"
00000000000000000082_0,163.0,659.0,3204.0,2316.0,815.0,1283.0,1374.0,2359.0,3629.0,4099.0,4552.0,4246.0,3926.0,0.0,0.0,0.0,0.0,0.0,4.0,83.0,130.0,140.0,1613.0,2,B41,10,Peas,Peas,Gras Clover Mix,Gras Clover Mix,32901860,2018-05-03,"{""type"":""MultiPoint"",""coordinates"":[]}"
0000000000000000007c_0,174.0,3827.0,4268.0,3725.5,4045.5,4002.0,3964.5,4303.5,4321.5,4369.0,4676.5,4398.5,9037.5,50.0,0.0,0.0,0.0,512.0,7.0,184.0,202.5,219.5,1832.5,0,B41,10,Maize,Maize,Maize,Gras Clover Mix,56462316,2018-05-03,"{""type"":""MultiPoint"",""coordinates"":[]}"
00000000000000000043_0,201.0,5314.0,4303.0,3464.0,7742.0,6691.0,5569.0,5802.0,5851.0,5733.0,7696.0,5533.0,12604.0,100.0,0.0,0.0,0.0,1024.0,9.0,255.0,255.0,255.0,1853.0,4,B55,10,Gras Clover Mix,Gras Clover Mix,Gras Clover Mix,Gras Clover Mix,44542518,2018-05-03,"{""type"":""MultiPoint"",""coordinates"":[]}"
00000000000000000048_0,122.0,1008.0,3286.0,2975.0,1198.0,1615.0,2046.0,2289.0,2409.0,2722.0,2685.0,2803.0,3209.0,0.0,0.0,0.0,0.0,0.0,5.0,122.0,164.0,208.0,1702.0,4,B55,10,Gras Clover Mix,Gras Clover Mix,Gras Clover Mix,Gras Clover Mix,45862778,2018-05-03,"{""type"":""MultiPoint"",""coordinates"":[]}"
0000000000000000004c_0,154.5,551.5,2503.5,1373.5,605.5,881.5,724.5,1381.5,3566.5,4399.0,4547.5,4709.5,4816.0,0.0,0.0,0.0,0.0,1024.0,7.0,61.0,89.5,73.0,1608.0,4,B55,10,Gras Clover Mix,Gras Clover Mix,Gras Clover Mix,Gras Clover Mix,46862784,2018-05-03,"{""type"":""MultiPoint"",""coordinates"":[]}"
00000000000000000086_0,202.0,722.0,1595.0,731.0,664.0,830.0,677.0,1264.0,3505.0,4053.0,4203.0,4332.0,4324.0,1.0,0.0,0.0,0.0,1024.0,4.0,67.0,84.0,69.0,1225.0,4,B55,10,Gras Clover Mix,Gras Clover Mix,Gras Clover Mix,Gras Clover Mix,34402780,2018-05-03,"{""type"":""MultiPoint"",""coordinates"":[]}"
0000000000000000007d_0,196.0,882.0,3349.0,2880.0,857.0,1144.0,1772.0,2298.0,2378.0,2533.0,2477.0,2639.0,2643.0,0.0,0.0,0.0,0.0,0.0,5.0,87.0,116.0,180.0,1850.0,2,B11,10,Harvested grain,Gras Clover Mix,Barley,Harvested grain,64321660,2018-05-03,"{""type"":""MultiPoint"",""coordinates"":[]}"
00000000000000000039_0,196.0,785.0,3544.0,2919.0,1104.0,1449.0,1959.0,2262.0,2374.0,2513.0,2516.0,2632.0,2597.0,0.0,0.0,0.0,0.0,0.0,5.0,112.0,147.0,199.0,1918.0,2,B11,10,Oats,Harvested grain,Barley,Harvested grain,64341660,2018-05-03,"{""type"":""MultiPoint"",""coordinates"":[]}"
0000000000000000007e_0,197.0,992.0,3758.0,3027.0,1332.0,1798.0,2323.0,2604.0,2674.0,2807.0,2851.0,3058.0,3070.0,0.0,0.0,0.0,0.0,0.0,5.0,135.0,183.0,236.0,1831.0,3,B13,10,Wheat,Barley,Harvested grain,Harvested grain,64381660,2018-05-03,"{""type"":""MultiPoint"",""coordinates"":[]}"
0000000000000000006d_0,83.0,600.0,2567.0,2108.0,573.0,962.0,1014.0,1147.0,2161.0,2394.0,3263.0,2524.0,2375.0,0.0,0.0,0.0,0.0,0.0,4.0,58.0,98.0,103.0,1275.0,2,B13,10,Harvested grain,Gras Clover Mix,Maize,Harvested grain,51243782,2018-05-03,"{""type"":""MultiPoint"",""coordinates"":[]}"
00000000000000000041_0,197.0,12029.0,5304.0,4131.0,11383.0,10078.0,9320.0,9743.0,8868.0,8512.0,8747.0,8154.0,14639.0,100.0,0.0,0.0,0.0,1024.0,9.0,255.0,255.0,255.0,1246.0,4,B13,8,Harvested grain,Harvested grain,Harvested grain,Harvested grain,34703702,2018-05-03,"{""type"":""MultiPoint"",""coordinates"":[]}"
00000000000000000072_0,83.0,834.0,3878.0,3622.0,1108.0,1501.0,1896.0,2230.0,2475.0,2642.0,2760.0,2850.0,2897.0,0.0,0.0,0.0,0.0,0.0,5.0,113.0,153.0,193.0,1200.0,4,B13,10,Harvested grain,Harvested grain,Harvested grain,Harvested grain,51303790,2018-05-03,"{""type"":""MultiPoint"",""coordinates"":[]}"
00000000000000000026_0,94.0,614.0,3232.0,2768.0,981.0,1425.0,1872.0,1891.0,2676.0,3044.0,2733.0,3245.0,3550.0,0.0,0.0,0.0,0.0,0.0,5.0,100.0,145.0,190.0,1236.0,1,B16,10,Gras Clover Mix,Peas,Gras Clover Mix,Harvested grain,50743476,2018-05-03,"{""type"":""MultiPoint"",""coordinates"":[]}"
00000000000000000007_0,122.0,466.0,2727.0,2174.0,1196.0,1633.0,1947.0,1966.0,2605.0,2885.0,2679.0,3051.0,3455.0,0.0,0.0,0.0,0.0,0.0,7.0,121.0,166.0,198.0,1702.0,4,B16,10,Maize,Maize,Maize,Harvested grain,45822778,2018-05-03,"{""type"":""MultiPoint"",""coordinates"":[]}"
00000000000000000008_0,123.0,851.0,3892.0,3423.0,1186.0,1698.0,2235.0,2612.0,2816.0,3009.0,3058.0,3163.0,3173.0,0.0,0.0,0.0,0.0,0.0,5.0,120.0,173.0,227.0,1652.0,4,B16,10,Harvested grain,Maize,Maize,Harvested grain,45862772,2018-05-03,"{""type"":""MultiPoint"",""coordinates"":[]}"
0000000000000000004e_0,189.0,570.0,1712.0,1340.0,870.0,940.0,1182.0,1354.0,1465.0,1515.0,1614.0,1583.0,2200.0,0.0,0.0,0.0,0.0,0.0,5.0,88.0,95.0,120.0,1947.0,4,B16,10,Maize,Maize,Maize,Harvested grain,47262648,2018-05-03,"{""type"":""MultiPoint"",""coordinates"":[]}"
00000000000000000052_0,199.0,538.0,2296.5,1996.0,617.0,757.0,935.5,1118.0,1282.5,1415.0,1450.0,1552.5,1979.5,1.5,0.0,0.0,0.0,512.0,7.0,62.5,76.5,95.0,1958.0,3,B16,10,Harvested grain,Wheat,Harvested grain,Harvested grain,48182788,2018-05-03,"{""type"":""MultiPoint"",""coordinates"":[]}"
00000000000000000003_0,142.5,650.5,3694.0,3486.0,934.0,1253.0,1719.5,1969.0,2188.5,2349.0,2505.0,2570.5,2644.5,0.0,0.0,0.0,0.0,0.0,5.0,95.0,127.5,175.0,1316.0,4,B16,10,Harvested grain,Harvested grain,Harvested grain,Harvested grain,44683344,2018-05-03,"{""type"":""MultiPoint"",""coordinates"":[]}"
00000000000000000011_0,59.0,933.0,3996.0,3770.0,1124.0,1402.0,1768.0,2121.0,2467.0,2639.0,2924.0,2918.0,3191.0,0.0,0.0,0.0,0.0,0.0,5.0,114.0,143.0,180.0,956.0,2,B21,10,Maize,Harvested grain,Wheat,Harvested grain,48583214,2018-05-03,"{""type"":""MultiPoint"",""coordinates"":[]}"
00000000000000000078_0,65.0,316.5,2189.5,1306.5,475.5,826.5,765.0,1212.5,2492.0,2793.0,3156.0,3140.0,3271.5,0.0,0.0,0.0,0.0,0.0,4.0,48.0,84.0,77.5,906.0,1,B32,10,Maize,Gras Clover Mix,Maize,Harvested grain,53443812,2018-05-03,"{""type"":""MultiPoint"",""coordinates"":[]}"
0000000000000000001b_0,171.0,504.0,1350.0,630.0,524.0,943.0,611.0,1375.0,4556.0,5619.0,5556.0,5840.0,4414.0,1.0,0.0,0.0,0.0,0.0,4.0,53.0,96.0,62.0,1978.0,1,B32,10,Peas,Peas,Peas,Winter oilseed rape,48882790,2018-05-03,"{""type"":""MultiPoint"",""coordinates"":[]}"
0000000000000000003f_0,202.0,371.0,1358.0,793.0,551.0,913.0,547.0,1309.0,4020.0,4660.0,4731.0,4872.0,5170.0,1.0,0.0,0.0,0.0,0.0,4.0,56.0,93.0,55.0,1345.0,3,B32,10,Winter oilseed rape,Winter oilseed rape,Gras Clover Mix,Winter oilseed rape,34382768,2018-05-03,"{""type"":""MultiPoint"",""coordinates"":[]}"
